name,institution,attemptsForA,timeForA,attemptsForB,timeForB,attemptsForC,timeForC,attemptsForD,timeForD,attemptsForE,timeForE,attemptsForF,timeForF,attemptsForG,timeForG,attemptsForH,timeForH,attemptsForI,timeForI,attemptsForJ,timeForJ,attemptsForK,timeForK,attemptsForL,timeForL
00_Cyborgs_KYAU,KHWAJA YUNUS ALI UNIVERSITY,0,,0,,0,,0,,0,,0,,4,,0,,0,,0,,0,,0,
0xC00000FD,BANGLADESH OPEN UNIVERSITY,0,,0,,0,,0,,0,,1,,6,162,0,,2,112,2,,0,,0,
998244353,RAJSHAHI UNIVERSITY OF ENGINEERING & TECHNOLOGY,0,,4,293,2,146,3,276,0,,0,,3,26,0,,1,7,1,103,0,,0,
ADUST_ByteBusters,ATISH DIPANKAR UNIVERSITY OF SCIENCE AND TECHNOLOGY,0,,0,,0,,0,,0,,0,,1,,0,,1,,0,,0,,0,
AIUB_Conquered,AMERICAN INTERNATIONAL UNIVERSITY - BANGLADESH,0,,0,,0,,6,,0,,0,,3,31,0,,1,20,0,,0,,0,
AIUB_DIREWOLFS,AMERICAN INTERNATIONAL UNIVERSITY - BANGLADESH,0,,0,,0,,0,,0,,0,,4,98,0,,2,53,2,221,0,,0,
AIUB_Rebellion,AMERICAN INTERNATIONAL UNIVERSITY - BANGLADESH,0,,0,,0,,0,,0,,0,,2,79,0,,1,20,11,282,0,,0,
AUB_Gryffindor,ASIAN UNIVERSITY OF BANGLADESH,0,,0,,0,,0,,0,,0,,6,243,0,,2,127,0,,0,,0,
AUST_HonorRedX,AHSANULLAH UNIVERSITY OF SCIENCE AND TECHNOLOGY,0,,0,,0,,5,,0,,0,,6,,0,,1,40,2,,0,,0,
AUST_Legacy,AHSANULLAH UNIVERSITY OF SCIENCE AND TECHNOLOGY,0,,0,,0,,2,,0,,0,,13,,0,,1,41,2,223,0,,0,
AUST_Outliers,AHSANULLAH UNIVERSITY OF SCIENCE AND TECHNOLOGY,0,,0,,0,,0,,0,,0,,4,,0,,1,35,0,,0,,0,
AUST_QTA,AHSANULLAH UNIVERSITY OF SCIENCE AND TECHNOLOGY,0,,0,,0,,3,,0,,0,,2,67,0,,1,50,5,,0,,0,
AaduBhai 2.0,NOAKHALI SCIENCE AND TECHNOLOGY UNIVERSITY,0,,0,,3,,1,,0,,0,,1,29,0,,1,27,1,85,0,,0,
Aiub_BruteForcers,AMERICAN INTERNATIONAL UNIVERSITY - BANGLADESH,0,,0,,0,,0,,0,,0,,9,260,0,,1,153,0,,0,,0,
Alpha Beta,JATIYA KABI KAZI NAZRUL ISLAM UNIVERSITY,0,,0,,0,,0,,0,,0,,16,,0,,1,52,0,,0,,0,
Alpha_Centauri,RANGAMATI SCIENCE AND TECHNOLOGY UNIVERSITY,0,,0,,0,,2,,0,,0,,3,28,0,,2,47,2,215,0,,0,
ArrayIndexOutOfBoundsException,"JAGANNATH UNIVERSITY, BANGLADESH",0,,0,,0,,0,,0,,0,,2,28,0,,3,57,2,266,0,,0,
BAIUST_Pookies,BANGLADESH ARMY INTERNATIONAL UNIVERSITY OF SCIENCE AND TECHNOLOGY,0,,0,,0,,0,,0,,0,,9,,0,,2,,0,,0,,0,
BAUET_AlphaCentauri,BANGLADESH ARMY UNIVERSITY OF ENGINEERING AND TECHNOLOGY,0,,0,,0,,0,,0,,0,,11,228,0,,2,61,0,,0,,0,
BAUET_Team_DDOS,BANGLADESH ARMY UNIVERSITY OF ENGINEERING AND TECHNOLOGY,0,,0,,0,,0,,0,,0,,7,,0,,8,,0,,0,,0,
BAUSTian_Inventors,BANGLADESH ARMY UNIVERSITY OF SCIENCE AND TECHNOLOGY,0,,0,,0,,0,,0,,0,,3,140,0,,5,188,0,,0,,0,
BAU_BiE_OutL&ers,BANGLADESH AGRICULTURAL UNIVERSITY,0,,3,,0,,0,,0,,0,,21,293,0,,1,58,1,,0,,0,
BBPI Warriors,BRAHMANBARIA POLYTECHNIC INSTITUTE,0,,0,,0,,0,,0,,0,,2,,0,,0,,0,,0,,0,
BGCTUB_Radium,BGC TRUST UNIVERSITY BANGLADESH,0,,0,,0,,0,,0,,0,,5,,0,,1,,0,,0,,0,
BGC_Team_Dim,BGC TRUST UNIVERSITY BANGLADESH,0,,0,,0,,0,,0,,0,,8,,0,,1,57,0,,0,,0,
BRACU_Badda Shorbohara Party,BRAC UNIVERSITY,0,,0,,0,,1,,0,,0,,1,57,0,,1,41,2,164,0,,0,
BRACU_BoysBD,BRAC UNIVERSITY,0,,0,,0,,6,,0,,0,,4,124,0,,3,87,1,73,0,,0,
BRACU_BugWhisperers,BRAC UNIVERSITY,0,,0,,0,,4,270,0,,0,,3,29,0,,2,23,4,187,0,,0,
BRACU_CrackPlatoon,BRAC UNIVERSITY,0,,0,,1,,0,,0,,0,,4,91,0,,1,29,2,196,0,,0,
BRACU_Crows,BRAC UNIVERSITY,0,,7,,3,249,2,119,1,279,0,,1,3,0,,1,13,2,98,0,,0,
BRUR_DFS,"BEGUM ROKEYA UNIVERSITY, RANGPUR",0,,0,,0,,0,,0,,0,,4,249,0,,5,201,0,,0,,0,
BRUR_NotStrongEnough,"BEGUM ROKEYA UNIVERSITY, RANGPUR",0,,0,,0,,11,,0,,0,,6,135,0,,1,25,0,,0,,0,
BSFMSTU_LEGION,BANGAMATA SHEIKH FOJILATUNNESA MUJIB SCIENCE AND TECHNOLOGY UNIVERSITY,0,,0,,0,,0,,0,,0,,4,126,0,,1,60,6,,0,,0,
BSMRSTU_Cipherpol_0,BANGABANDHU SHEIKH MUJIBUR RAHMAN SCIENCE AND TECHNOLOGY UNIVERSITY,0,,0,,0,,0,,0,,0,,2,35,0,,5,124,0,,0,,0,
BSMRSTU_Imaginators,BANGABANDHU SHEIKH MUJIBUR RAHMAN SCIENCE AND TECHNOLOGY UNIVERSITY,0,,0,,0,,6,,0,,0,,2,46,0,,1,18,6,,0,,0,
BSMRSTU_Unit_7,BANGABANDHU SHEIKH MUJIBUR RAHMAN SCIENCE AND TECHNOLOGY UNIVERSITY,0,,0,,0,,0,,0,,0,,10,134,0,,1,31,0,,0,,0,
BSMRU_NewHorizon,"BANGABANDHU SHEIKH MUJIBUR RAHMAN UNIVERSITY, KISHOREGANJ",0,,0,,0,,0,,0,,0,,12,,0,,2,98,2,260,0,,0,
BSMRU_Terminators,"BANGABANDHU SHEIKH MUJIBUR RAHMAN UNIVERSITY, KISHOREGANJ",0,,0,,0,,0,,0,,0,,7,,0,,6,,0,,0,,0,
BUBT_AlphaQForces,BANGLADESH UNIVERSITY OF BUSINESS AND TECHNOLOGY,0,,0,,13,,0,,0,,0,,7,83,0,,1,24,1,,0,,0,
BUBT_Black_Pearl,BANGLADESH UNIVERSITY OF BUSINESS AND TECHNOLOGY,0,,0,,0,,0,,0,,0,,5,259,0,,2,,0,,0,,0,
BUBT_Mudbloods,BANGLADESH UNIVERSITY OF BUSINESS AND TECHNOLOGY,0,,0,,3,,0,,0,,0,,3,59,0,,1,29,0,,0,,0,
BUBT_Retired_Participants,BANGLADESH UNIVERSITY OF BUSINESS AND TECHNOLOGY,0,,0,,0,,0,,0,,0,,2,13,0,,8,,8,,0,,0,
BUBT_Sunday_Monday_Close,BANGLADESH UNIVERSITY OF BUSINESS AND TECHNOLOGY,3,,0,,0,,0,,0,,0,,2,36,0,,1,25,2,160,0,,0,
BUET_Arekta_Team,BANGLADESH UNIVERSITY OF ENGINEERING AND TECHNOLOGY,0,,0,,0,,2,,0,,0,,3,16,0,,1,28,4,146,0,,0,
BUET_Centurions,BANGLADESH UNIVERSITY OF ENGINEERING AND TECHNOLOGY,0,,4,260,0,,2,,0,,0,,2,16,0,,2,52,2,72,0,,0,
BUET_Got_No_Rizz,BANGLADESH UNIVERSITY OF ENGINEERING AND TECHNOLOGY,0,,2,,2,,3,192,0,,0,,1,16,0,,2,11,1,69,0,,0,
BUET_Harmonica,BANGLADESH UNIVERSITY OF ENGINEERING AND TECHNOLOGY,0,,0,,3,,1,248,0,,0,,2,25,0,,1,32,1,114,0,,0,
BUET_LostPointer,BANGLADESH UNIVERSITY OF ENGINEERING AND TECHNOLOGY,0,,0,,9,,3,,0,,0,,7,165,0,,3,66,1,109,0,,0,
BUET_PookaaHunters,BANGLADESH UNIVERSITY OF ENGINEERING AND TECHNOLOGY,0,,0,,0,,0,,0,,0,,4,261,0,,1,78,1,218,0,,0,
BUET_Quasar,BANGLADESH UNIVERSITY OF ENGINEERING AND TECHNOLOGY,0,,1,,1,177,1,165,0,,0,,1,13,0,,1,18,1,134,0,,0,
BUET_Surge,BANGLADESH UNIVERSITY OF ENGINEERING AND TECHNOLOGY,1,,0,,0,,4,,0,,0,,2,55,0,,2,30,2,176,0,,0,
BUET_Unwanted,BANGLADESH UNIVERSITY OF ENGINEERING AND TECHNOLOGY,0,,0,,9,,9,,0,,0,,3,76,0,,1,44,1,129,0,,0,
BUET_hotasha,BANGLADESH UNIVERSITY OF ENGINEERING AND TECHNOLOGY,0,,0,,10,,1,151,0,,0,,1,13,0,,1,24,1,60,0,,0,
BUTEX_STRANGERS,BANGLADESH UNIVERSITY OF TEXTILES,0,,0,,0,,0,,0,,0,,2,147,0,,3,172,0,,0,,1,
BU_BrainLess,UNIVERSITY OF BARISHAL,0,,0,,4,,5,,1,,0,,2,22,0,,1,8,1,71,0,,0,
BU_Brainstorm_Troopers,UNIVERSITY OF BARISHAL,0,,0,,9,,5,,0,,0,,4,87,0,,1,29,1,139,0,,0,
BU_FrozzenHorse,UNIVERSITY OF BARISHAL,0,,0,,0,,0,,0,,0,,3,95,0,,1,57,2,272,0,,0,
BU_Phantoms,UNIVERSITY OF BARISHAL,0,,0,,0,,4,,0,,0,,8,239,0,,1,39,3,,0,,0,
Baiust_Ordinary,BANGLADESH ARMY INTERNATIONAL UNIVERSITY OF SCIENCE AND TECHNOLOGY,0,,0,,1,,0,,0,,0,,2,,0,,0,,0,,0,,0,
BidayPrithibi,"SOUTHEAST UNIVERSITY, BANGLADESH",0,,0,,3,,4,,0,,0,,6,47,0,,1,38,1,136,0,,0,
Binary_EDITH,BANGLADESH UNIVERSITY,0,,0,,0,,0,,0,,0,,7,,0,,7,,0,,0,,0,
Binary_wizards,RTM AL-KABIR TECHNICAL UNIVERSITY,0,,0,,0,,0,,0,,0,,4,289,0,,1,,0,,0,,0,
Brogrammers,HAMDARD UNIVERSITY BANGLADESH,0,,0,,0,,0,,0,,0,,9,,0,,0,,0,,0,,0,
Bruteforce_Knights,KHULNA UNIVERSITY OF ENGINEERING & TECHNOLOGY,0,,0,,0,,4,,4,,0,,2,49,0,,1,18,2,282,0,,0,
CBST_Noob_Solvers,"COLLEGE OF BUSINESS SCIENCE AND TECHNOLOGY, MYMENSINGH",0,,0,,0,,0,,0,,0,,5,,0,,2,,0,,0,,0,
CCN_Flashback,CCN UNIVERSITY OF SCIENCE AND TECHNOLOGY,0,,0,,0,,0,,0,,0,,3,103,0,,3,92,0,,0,,0,
CPI Newbies,CHATTOGRAM POLYTECHNIC INSTITUTE,0,,1,,0,,0,,0,,0,,7,199,0,,1,16,0,,0,,0,
CSTU-3-Billions,CHANDPUR SCIENCE AND TECHNOLOGY UNIVERSITY,0,,0,,0,,0,,0,,0,,6,,0,,7,,0,,0,,0,
CUB_ARTEMIS,CANADIAN UNIVERSITY OF BANGLADESH,0,,0,,0,,0,,0,,0,,3,,0,,0,,0,,0,,0,
CUET_ByteRiders,CHITTAGONG UNIVERSITY OF ENGINEERING & TECHNOLOGY,0,,0,,0,,0,,0,,0,,9,175,0,,1,29,0,,0,,0,
CUET_Kisu_Ekta,CHITTAGONG UNIVERSITY OF ENGINEERING AND TECHNOLOGY,0,,0,,2,,3,,0,,0,,4,57,0,,1,31,6,,0,,0,
CUET_KnockingTheDoor,CHITTAGONG UNIVERSITY OF ENGINEERING AND TECHNOLOGY,0,,0,,8,,0,,0,,0,,8,,0,,2,29,2,199,0,,0,
CUET_Pirates,CHITTAGONG UNIVERSITY OF ENGINEERING AND TECHNOLOGY,0,,0,,0,,0,,0,,0,,4,70,0,,1,22,1,157,0,,0,
CUET_TernaryBunch,CHITTAGONG UNIVERSITY OF ENGINEERING AND TECHNOLOGY,0,,3,,0,,5,,0,,0,,8,173,0,,3,66,2,149,0,,0,
CUST_COMET,CENTRAL UNIVERSITY OF SCIENCE AND TECHNOLOGY,0,,0,,0,,0,,0,,0,,1,,0,,0,,0,,0,,0,
CU_Chunoputi,UNIVERSITY OF CHITTAGONG,0,,0,,1,,2,272,0,,0,,4,55,0,,1,34,1,112,0,,0,
CU_DWIMIK,UNIVERSITY OF CHITTAGONG,0,,0,,0,,0,,0,,0,,4,84,0,,1,19,2,184,0,,0,
CWU_NoobCoders,CENTRAL WOMENS UNIVERSITY,0,,0,,0,,0,,0,,0,,3,,0,,5,,0,,0,,0,
CityU_Code_Dose,CITY UNIVERSITY,0,,1,,0,,0,,0,,0,,8,148,0,,1,57,0,,0,,0,
CityU_ThreeBytes,CITY UNIVERSITY,0,,0,,0,,0,,0,,0,,4,,0,,3,,0,,0,,0,
CoU_Chasing_The_Legacy,COMILLA UNIVERSITY,0,,0,,0,,0,,0,,0,,6,,0,,2,42,3,231,0,,0,
CoU_LastRunForMemories,COMILLA UNIVERSITY,0,,5,286,1,151,1,79,0,,0,,2,16,0,,1,9,1,36,0,,0,
CoU_LastTryWithRST,COMILLA UNIVERSITY,0,,0,,0,,7,,0,,0,,2,89,0,,2,60,1,178,0,,0,
CoU_LimitLess,COMILLA UNIVERSITY,0,,0,,0,,6,,0,,0,,4,45,0,,2,30,2,193,0,,0,
CoU_Skadooosh2.0,COMILLA UNIVERSITY,0,,0,,0,,3,,0,,0,,3,37,0,,2,54,5,167,0,,0,
CodeRangers,PRESIDENCY UNIVERSITY,0,,0,,0,,0,,0,,0,,4,,0,,6,,1,,0,,0,
Code_Monkeys!,KHULNA UNIVERSITY OF ENGINEERING & TECHNOLOGY,0,,8,,4,285,2,237,0,,0,,8,197,0,,1,12,1,215,0,,0,
Code_Weeders,RAJSHAHI UNIVERSITY OF ENGINEERING & TECHNOLOGY,0,,10,,0,,2,,0,,0,,12,184,0,,2,16,1,147,0,,0,
DCC_Beyond_Infinity,DHAKA CITY COLLEGE,0,,0,,0,,0,,0,,0,,2,43,0,,3,93,3,,0,,0,
DCC_LY2C,DHAKA CITY COLLEGE,0,,0,,0,,5,,0,,0,,3,55,0,,1,29,1,200,0,,0,
DCC_Triple_ZeRo,DHAKA CITY COLLEGE,0,,0,,0,,0,,0,,0,,0,,0,,0,,0,,0,,0,
DIIT_Runtime_Terror,DAFFODIL INSTITUTE OF INFORMATION TECHNOLOGY,0,,0,,0,,0,,0,,0,,11,252,0,,2,123,0,,0,,0,
DIU_1000th_WA,DAFFODIL INTERNATIONAL UNIVERSITY,0,,1,,0,,6,,0,,0,,1,31,0,,1,26,1,95,0,,0,
DIU_2NT1,DAFFODIL INTERNATIONAL UNIVERSITY,0,,0,,0,,0,,0,,0,,4,94,0,,1,37,2,,0,,0,
DIU_3rror,DAFFODIL INTERNATIONAL UNIVERSITY,0,,0,,0,,0,,0,,0,,4,129,0,,3,70,1,,0,,0,
DIU_BugBeaters,DAFFODIL INTERNATIONAL UNIVERSITY,0,,0,,0,,0,,0,,0,,3,,0,,0,,0,,0,,0,
DIU_Curious_Trio,DAFFODIL INTERNATIONAL UNIVERSITY,0,,0,,0,,5,,0,,0,,2,67,0,,5,81,2,134,0,,0,
DIU_Deshihacks,DAFFODIL INTERNATIONAL UNIVERSITY,0,,0,,0,,0,,0,,0,,3,,0,,3,,0,,0,,0,
DIU_Fakibazz,DAFFODIL INTERNATIONAL UNIVERSITY,0,,0,,0,,4,,0,,0,,4,45,0,,2,38,2,137,0,,0,
DIU_Inferiors,DAFFODIL INTERNATIONAL UNIVERSITY,0,,0,,0,,0,,0,,0,,8,193,0,,1,41,0,,0,,0,
DIU_Kracked,DAFFODIL INTERNATIONAL UNIVERSITY,0,,0,,0,,0,,0,,0,,5,112,0,,1,22,4,266,0,,0,
DIU_RadioActive,DAFFODIL INTERNATIONAL UNIVERSITY,0,,0,,0,,0,,0,,0,,5,100,0,,1,55,1,254,0,,0,
DIU_SeMeawColon,DAFFODIL INTERNATIONAL UNIVERSITY,0,,0,,0,,0,,0,,0,,1,25,0,,1,35,2,147,0,,0,
DIU_Strygwyr,DAFFODIL INTERNATIONAL UNIVERSITY,0,,0,,1,269,4,184,1,,0,,2,28,3,,1,10,1,100,0,,0,
DIU_VENGEANCE,DHAKA INTERNATIONAL UNIVERSITY,0,,0,,0,,0,,0,,0,,6,,0,,5,,0,,0,,0,
DIU_bitbenders,DAFFODIL INTERNATIONAL UNIVERSITY,0,,0,,0,,0,,0,,0,,7,89,0,,1,51,15,,0,,0,
DIU_inertia,DAFFODIL INTERNATIONAL UNIVERSITY,0,,0,,0,,0,,0,,0,,6,,0,,0,,0,,0,,0,
DUET_CHAMPS,DHAKA UNIVERSITY OF ENGINEERING AND TECHNOLOGY - GAZIPUR,0,,0,,0,,0,,0,,0,,3,161,0,,2,43,1,179,0,,0,
DUET_RAD,DHAKA UNIVERSITY OF ENGINEERING AND TECHNOLOGY - GAZIPUR,0,,0,,2,,1,,0,,0,,3,24,0,,1,35,1,88,0,,0,
DU_Cypherpunks,UNIVERSITY OF DHAKA,0,,0,,0,,4,,0,,0,,5,82,0,,2,19,2,142,0,,0,
DU_MMRB2,UNIVERSITY OF DHAKA,0,,0,,8,,0,,0,,0,,2,21,0,,1,40,2,99,0,,0,
DU_Oblivion,UNIVERSITY OF DHAKA,0,,0,,6,,6,266,0,,0,,3,61,0,,3,41,3,127,0,,0,
DU_Primordius,UNIVERSITY OF DHAKA,0,,0,,3,122,2,102,2,189,0,,2,35,0,,2,21,1,85,7,,0,
DU_Red_Horizon,UNIVERSITY OF DHAKA,0,,0,,3,,1,,0,,0,,4,62,0,,1,27,1,207,0,,0,
DU_SHOMONNOYOKS,UNIVERSITY OF DHAKA,0,,0,,0,,0,,0,,0,,3,42,0,,1,23,1,83,0,,0,
DU_Singularity,UNIVERSITY OF DHAKA,0,,2,277,3,225,4,213,2,227,0,,3,25,0,,1,17,1,34,0,,0,
DU_Zephyr,UNIVERSITY OF DHAKA,0,,7,,0,,1,,0,,0,,3,51,0,,1,30,1,83,0,,0,
DU_skibidi,UNIVERSITY OF DHAKA,0,,1,,0,,1,,0,,0,,7,219,0,,2,30,1,237,0,,0,
DeadPoetsSociety,MAWLANA BHASHANI SCIENCE AND TECHNOLOGY UNIVERSITY,0,,0,,0,,2,,0,,0,,7,116,0,,4,77,0,,0,,0,
Decision_Pending,MAWLANA BHASHANI SCIENCE AND TECHNOLOGY UNIVERSITY,0,,0,,0,,0,,0,,0,,2,105,0,,1,33,1,178,0,,0,
EDU_Avengers,"EAST DELTA UNIVERSITY, CHITTAGONG",0,,0,,0,,0,,0,,0,,3,128,0,,5,152,2,,0,,0,
EDU_CoPRIME,"EAST DELTA UNIVERSITY, CHITTAGONG",0,,0,,0,,1,,0,,0,,2,44,0,,1,37,1,131,0,,0,
EU_ByteBusters,EASTERN UNIVERSITY OF BANGLADESH,0,,0,,0,,0,,0,,0,,2,,0,,0,,0,,0,,0,
EWU_495_fanclub,EAST WEST UNIVERSITY,0,,0,,3,,5,253,0,,0,,2,20,0,,2,23,2,78,0,,0,
EWU_Infinity_Castle,EAST WEST UNIVERSITY,0,,0,,0,,3,,0,,0,,2,80,0,,1,38,1,246,0,,0,
EWU_Not_Worthy,EAST WEST UNIVERSITY,0,,0,,0,,2,,0,,0,,2,49,0,,1,23,2,171,0,,0,
EWU_Pi_Rates,EAST WEST UNIVERSITY,0,,0,,0,,0,,0,,0,,2,31,0,,1,30,0,,0,,0,
EWU_Scavengers,EAST WEST UNIVERSITY,0,,0,,0,,2,,0,,0,,6,108,0,,1,51,2,148,0,,0,
FEC_CODEBREAKERS,FARIDPUR ENGINEERING COLLEGE,0,,0,,0,,0,,0,,0,,1,109,0,,1,52,0,,0,,0,
FEC_Nice_and_Attractive,FARIDPUR ENGINEERING COLLEGE,0,,0,,0,,0,,0,,0,,2,164,0,,2,40,3,246,0,,0,
FIU_Acrobat,FAREAST INTERNATIONAL UNIVERSITY,0,,0,,0,,0,,0,,0,,5,,0,,1,93,0,,0,,0,
FU_Convex_Hull,FENI UNIVERSITY,0,,0,,0,,0,,0,,0,,10,,0,,4,51,3,167,0,,0,
FaimDeSang,SHAHJALAL UNIVERSITY OF SCIENCE AND TECHNOLOGY,0,,5,274,3,265,2,46,0,,0,,1,22,0,,2,15,1,76,0,,0,
GB_Proxima,GONO BISHWABIDYALAY (GONO UNIVERSITY),0,,0,,0,,0,,0,,0,,1,30,0,,2,151,1,,0,,0,
GUB_Afsos_League,GREEN UNIVERSITY OF BANGLADESH,0,,0,,0,,1,,0,,0,,3,60,0,,1,30,1,269,0,,0,
GUB_BIG_FISH,GREEN UNIVERSITY OF BANGLADESH,0,,0,,0,,0,,0,,0,,15,,0,,4,,0,,0,,0,
GUB_Zettabyte,GERMAN UNIVERSITY BANGLADESH,0,,0,,0,,0,,0,,0,,0,,0,,1,,0,,0,,0,
GreenU_Frogs,GREEN UNIVERSITY OF BANGLADESH,0,,4,,0,,5,,0,,0,,4,51,0,,1,19,1,150,0,,0,
GreenU_Theoretical,GREEN UNIVERSITY OF BANGLADESH,0,,0,,0,,0,,0,,0,,5,90,0,,2,47,6,,0,,0,
HEI_Code_Creepers,HEADWAY ENGINEERING INSTITUTE | SYLHET,0,,0,,0,,0,,0,,0,,5,,0,,2,,0,,0,,0,
HSTU_ARRIVAL,HAJEE MOHAMMAD DANESH SCIENCE AND TECHNOLOGY UNIVERSITY,0,,0,,0,,0,,0,,0,,4,93,0,,1,63,2,287,0,,0,
HSTU_ChandraBindu,HAJEE MOHAMMAD DANESH SCIENCE AND TECHNOLOGY UNIVERSITY,0,,0,,0,,4,,0,,0,,11,173,0,,1,34,1,163,0,,0,
HSTU_GooDByE,HAJEE MOHAMMAD DANESH SCIENCE & TECHNOLOGY UNIVERSITY,0,,0,,0,,0,,0,,0,,4,,0,,0,,0,,0,,0,
HSTU_LSB,HAJEE MOHAMMAD DANESH SCIENCE AND TECHNOLOGY UNIVERSITY,0,,0,,0,,0,,0,,0,,2,65,0,,1,27,6,207,0,,0,
ICE_NEW_EPOCH,"IMPERIAL COLLEGE OF ENGINEERING, KHULNA",0,,0,,0,,0,,0,,0,,4,,0,,0,,2,,0,,0,
IIUC_DalVat,INTERNATIONAL ISLAMIC UNIVERSITY CHITTAGONG,0,,3,,0,,0,,0,,0,,5,149,0,,3,170,8,280,0,,0,
IIUC_KiEktaObostha,INTERNATIONAL ISLAMIC UNIVERSITY CHITTAGONG,0,,0,,0,,9,,0,,0,,2,42,0,,1,10,3,85,0,,0,
IIUC_MARK_US,INTERNATIONAL ISLAMIC UNIVERSITY CHITTAGONG,0,,0,,0,,3,,0,,0,,8,171,0,,1,27,3,267,0,,0,
IIUC_MangoCoders,INTERNATIONAL ISLAMIC UNIVERSITY CHITTAGONG,0,,0,,0,,3,,0,,0,,3,64,0,,1,37,1,244,0,,0,
IIUSTB_Al-khwarizm,INTERNATIONAL ISLAMI UNIVERSITY OF SCIENCE AND TECHNOLOGY BANGLADESH,0,,0,,0,,0,,0,,0,,5,224,0,,2,,2,,0,,0,
INN,NATIONAL INSTITUTE OF TEXTILE ENGINEERING AND RESEARCH,0,,0,,0,,0,,0,,0,,11,185,0,,4,107,3,,0,,0,
IOI1,INTERNATIONAL OLYMPIAD IN INFORMATICS,0,,0,,1,171,3,138,0,,0,,4,38,0,,2,27,1,88,0,,0,
IOI2,INTERNATIONAL OLYMPIAD IN INFORMATICS,0,,0,,0,,0,,0,,0,,3,83,0,,4,51,2,209,0,,0,
ISTT_SHADOWS,INSTITUTE OF SCIENCE TRADE AND TECHNOLOGY,0,,0,,0,,0,,0,,0,,3,66,0,,1,57,0,,0,,0,
IST_CodeSqaud,INSTITUTE OF SCIENCE AND TECHNOLOGY,0,,0,,0,,0,,0,,0,,6,223,0,,4,216,5,,0,,0,
IST_neverGiveUp,INSTITUTE OF SCIENCE AND TECHNOLOGY,0,,0,,0,,8,,0,,0,,3,57,0,,2,29,2,144,0,,0,
ISU_The_Infinite,INTERNATIONAL STANDARD UNIVERSITY,1,,0,,0,,0,,4,,0,,12,,0,,11,,8,,0,,1,
IUBAT_Iterators,INTERNATIONAL UNIVERSITY OF BUSINESS AGRICULTURE AND TECHNOLOGY,0,,0,,0,,1,,0,,0,,3,47,0,,1,39,1,219,0,,0,
IUBAT_LivingThings,INTERNATIONAL UNIVERSITY OF BUSINESS AGRICULTURE AND TECHNOLOGY,0,,0,,0,,1,,0,,0,,3,49,0,,1,27,1,120,0,,0,
IUBAT_Wrong_Answer,INTERNATIONAL UNIVERSITY OF BUSINESS AGRICULTURE AND TECHNOLOGY,0,,0,,0,,0,,0,,0,,2,,0,,1,,0,,0,,0,
IUB_IlVentoD'oro,INDEPENDENT UNIVERSITY - BANGLADESH,0,,0,,0,,0,,0,,0,,3,145,0,,6,204,0,,0,,0,
IUB_NerdHerd,INDEPENDENT UNIVERSITY - BANGLADESH,0,,0,,0,,0,,0,,0,,2,102,0,,3,130,3,,0,,0,
IUS_Algo_Blanco's,INTERNATIONAL UNIVERSITY OF SCHOLARS,0,,0,,0,,0,,0,,0,,6,,0,,0,,0,,0,,0,
IUT_ChronicOverthinkers,ISLAMIC UNIVERSITY OF TECHNOLOGY,0,,0,,0,,4,,0,,0,,4,87,0,,1,26,1,159,0,,0,
IUT_CocolaChampionBiscuit,ISLAMIC UNIVERSITY OF TECHNOLOGY,0,,0,,1,112,4,264,2,204,0,,3,24,0,,1,15,1,85,0,,0,
IUT_Eternatus,ISLAMIC UNIVERSITY OF TECHNOLOGY,0,,0,,0,,3,,0,,0,,1,8,0,,2,31,3,100,0,,0,
IUT_Oikotaan,ISLAMIC UNIVERSITY OF TECHNOLOGY,0,,0,,0,,7,,0,,0,,2,32,0,,1,28,1,142,0,,0,
IUT_cgpa_matters,ISLAMIC UNIVERSITY OF TECHNOLOGY,0,,5,,1,,2,,0,,0,,2,31,0,,1,7,1,101,0,,0,
IUT_notBlue,ISLAMIC UNIVERSITY OF TECHNOLOGY,0,,0,,1,,0,,0,,0,,3,40,0,,1,29,3,228,0,,0,
IU_NULL_VOID,"ISLAMIC UNIVERSITY, BANGLADESH",0,,0,,0,,0,,0,,0,,2,58,0,,1,12,8,298,0,,0,
IU_Waving_Flag,"ISLAMIC UNIVERSITY, BANGLADESH",0,,0,,2,,2,225,0,,0,,3,34,0,,1,28,4,104,0,,0,
Infinite_Tsukuyomi,CHITTAGONG UNIVERSITY OF ENGINEERING AND TECHNOLOGY,0,,0,,0,,4,152,6,,0,,2,60,0,,1,30,2,200,0,,0,
Ingenious_Wizards,BANGLADESH UNIVERSITY OF PROFESSIONALS,0,,0,,0,,0,,0,,0,,5,209,0,,1,52,3,291,0,,0,
Introverts,KHULNA UNIVERSITY OF ENGINEERING & TECHNOLOGY,0,,0,,0,,0,,0,,0,,5,85,0,,1,38,3,,0,,0,
JUST_FLARE,JASHORE UNIVERSITY OF SCIENCE AND TECHNOLOGY,0,,1,,4,,2,152,0,,0,,4,29,0,,3,18,2,76,0,,0,
JUST_Null_Pointers,JASHORE UNIVERSITY OF SCIENCE AND TECHNOLOGY,0,,0,,0,,1,,0,,0,,1,29,0,,1,21,3,191,0,,0,
JUST_Triple_Helix,JASHORE UNIVERSITY OF SCIENCE AND TECHNOLOGY,0,,0,,0,,3,,0,,0,,2,40,0,,1,22,2,143,0,,0,
JU_Beauty&Bits,JAHANGIRNAGAR UNIVERSITY,0,,0,,0,,0,,0,,0,,3,,0,,2,,0,,0,,0,
JU_BinaryMosFet,JAHANGIRNAGAR UNIVERSITY,0,,0,,9,,1,138,0,,0,,5,50,0,,1,15,1,109,0,,0,
JU_Kaizen,JAHANGIRNAGAR UNIVERSITY,0,,0,,0,,3,,0,,0,,11,,0,,2,26,1,207,0,,0,
JU_OneMoreZer0,JAHANGIRNAGAR UNIVERSITY,0,,0,,3,,0,,0,,0,,2,17,0,,1,34,1,86,0,,0,
JU_WeKilledJohnWick'sDog,JAHANGIRNAGAR UNIVERSITY,0,,0,,3,,2,,0,,0,,2,30,0,,2,49,1,92,0,,0,
JU_oyster,JAHANGIRNAGAR UNIVERSITY,0,,0,,0,,0,,0,,0,,5,90,0,,4,144,2,233,0,,0,
JU_the0dd1out,JAHANGIRNAGAR UNIVERSITY,0,,0,,3,214,4,161,4,,0,,4,63,0,,1,29,1,119,0,,0,
Ju_LastGame,JAHANGIRNAGAR UNIVERSITY,0,,0,,0,,9,,0,,0,,9,,0,,1,38,2,182,0,,0,
KUET_Helicopter,KHULNA UNIVERSITY OF ENGINEERING & TECHNOLOGY,0,,0,,2,,2,,0,,0,,1,13,0,,2,32,1,88,0,,0,
KUET_JINISH,KHULNA UNIVERSITY OF ENGINEERING & TECHNOLOGY,0,,0,,0,,4,277,0,,0,,2,22,0,,1,27,2,130,0,,0,
KUET_TheFamily,KHULNA UNIVERSITY OF ENGINEERING & TECHNOLOGY,0,,0,,0,,3,219,0,,0,,2,25,0,,1,7,8,295,0,,0,
KU_ErrorMakers,KHULNA UNIVERSITY,0,,0,,7,,1,88,0,,0,,3,61,0,,1,15,1,149,0,,0,
KU_Second_Team,KHULNA UNIVERSITY,0,,0,,2,,0,,0,,0,,4,31,0,,2,24,2,126,0,,0,
Kuet_Sparta,KHULNA UNIVERSITY OF ENGINEERING & TECHNOLOGY,0,,0,,0,,6,,0,,0,,2,27,0,,1,25,2,135,0,,0,
Kuet_Zoobidoobi,KHULNA UNIVERSITY OF ENGINEERING & TECHNOLOGY,0,,0,,0,,0,,0,,0,,5,236,0,,4,202,1,,0,,0,
LUNE_NOIRE,CHITTAGONG UNIVERSITY OF ENGINEERING AND TECHNOLOGY,0,,0,,0,,1,,0,,0,,4,161,0,,1,21,1,126,0,,0,
LU_Furious,"LEADING UNIVERSITY, SYLHET",0,,0,,0,,4,,0,,0,,1,18,0,,1,39,0,,0,,0,
LU_dAREdevils,"LEADING UNIVERSITY, SYLHET",0,,0,,0,,2,,0,,0,,4,102,0,,1,23,1,148,0,,0,
Lazy_Programmer,MAWLANA BHASHANI SCIENCE AND TECHNOLOGY UNIVERSITY,0,,0,,0,,2,,0,,0,,3,119,0,,2,21,0,,0,,0,
MANATRI_CCNUST,CCN UNIVERSITY OF SCIENCE AND TECHNOLOGY,0,,0,,0,,0,,0,,0,,6,,0,,1,57,0,,0,,0,
MBSTU_Novatos,MAWLANA BHASHANI SCIENCE AND TECHNOLOGY UNIVERSITY,0,,4,139,3,,4,293,0,,0,,6,,0,,1,22,1,234,0,,0,
MEC_Algo_Scholars,MYMENSINGH ENGINEERING COLLEGE,0,,0,,0,,0,,0,,0,,4,,0,,1,51,3,,0,,0,
MEC_Newbies,MYMENSINGH ENGINEERING COLLEGE,0,,0,,0,,0,,0,,0,,3,,0,,0,,0,,0,,0,
MIST_ChemistryHaters,MILITARY INSTITUTE OF SCIENCE AND TECHNOLOGY,0,,0,,0,,1,,0,,0,,4,109,0,,2,48,1,195,0,,0,
MIST_CodeCrafters,MILITARY INSTITUTE OF SCIENCE AND TECHNOLOGY,0,,0,,0,,0,,0,,0,,5,133,0,,2,121,2,,0,,0,
MIST_FrostByte_2.0,MILITARY INSTITUTE OF SCIENCE AND TECHNOLOGY,0,,0,,0,,1,285,0,,0,,4,53,0,,2,30,2,214,0,,0,
MIST_ShopnoFeri,MILITARY INSTITUTE OF SCIENCE AND TECHNOLOGY,0,,0,,5,,4,,0,,0,,1,29,0,,2,44,2,86,0,,0,
MIST_YaminIsAlive,MILITARY INSTITUTE OF SCIENCE AND TECHNOLOGY,0,,0,,0,,6,,0,,0,,4,70,0,,2,51,2,193,0,,0,
MIU_Debug_Overflow,MANARAT INTERNATIONAL UNIVERSITY,0,,0,,0,,0,,0,,0,,5,,0,,5,,0,,0,,0,
MU_Audacity,METROPOLITAN UNIVERSITY,0,,0,,0,,0,,0,,0,,10,191,0,,2,45,2,110,0,,0,
MU_mission_nxt_icpc,METROPOLITAN UNIVERSITY,0,,0,,0,,0,,0,,0,,8,221,0,,1,32,2,206,0,,0,
MathJuniors,"BEGUM ROKEYA UNIVERSITY, RANGPUR",0,,0,,0,,1,,0,,0,,4,35,0,,1,23,1,119,0,,0,
NDUB_Backslash,NOTRE DAME UNIVERSITY BANGLADESH,0,,0,,0,,0,,0,,0,,4,,0,,3,,0,,0,,0,
NEUB_Believers,NORTH EAST UNIVERSITY BANGLADESH,0,,0,,0,,0,,0,,0,,2,82,0,,1,52,0,,0,,0,
NEUB_NerdSquad,NORTH EAST UNIVERSITY BANGLADESH,0,,0,,0,,0,,0,,0,,12,153,0,,2,118,4,,0,,0,
NSTU_DOT,NOAKHALI SCIENCE AND TECHNOLOGY UNIVERSITY,0,,0,,0,,0,,0,,0,,15,,0,,1,53,1,,0,,0,
NSTU_LastDare,NOAKHALI SCIENCE AND TECHNOLOGY UNIVERSITY,0,,0,,5,,3,,0,,0,,5,63,0,,1,31,1,225,0,,0,
NSTU_Script_Kiddies,NOAKHALI SCIENCE AND TECHNOLOGY UNIVERSITY,0,,0,,0,,0,,0,,0,,4,106,0,,1,31,0,,0,,0,
NSU_CyanCubed,NORTH SOUTH UNIVERSITY,0,,0,,3,,2,,0,,0,,2,29,0,,1,20,0,,0,,0,
NSU_PyramidSchemers,NORTH SOUTH UNIVERSITY,2,,0,,0,,3,,0,,0,,5,45,0,,1,19,2,97,0,,0,
NSU_TeamAseh,NORTH SOUTH UNIVERSITY,0,,0,,0,,1,,0,,0,,3,81,0,,2,94,3,197,0,,0,
NSU_Veritasium,NORTH SOUTH UNIVERSITY,0,,0,,0,,6,,0,,0,,2,33,0,,1,13,4,187,0,,0,
NUBTK_Atomic,NORTHERN UNIVERSITY OF BUSINESS AND TECHNOLOGY KHULNA,0,,0,,0,,0,,0,,0,,12,,0,,0,,0,,0,,0,
NUB_Triverse,NORTHERN UNIVERSITY BANGLADESH,0,,0,,0,,0,,0,,0,,5,122,0,,2,100,0,,0,,0,
NWU_Dreamers,"NORTH WESTERN UNIVERSITY, KHULNA",0,,0,,0,,0,,0,,0,,4,35,0,,1,32,2,,0,,0,
NWU_Sigma,"NORTH WESTERN UNIVERSITY, KHULNA",0,,0,,0,,0,,0,,0,,1,,0,,1,,0,,0,,0,
NothingToLose,SHAHJALAL UNIVERSITY OF SCIENCE AND TECHNOLOGY,0,,0,,0,,0,,0,,0,,4,36,0,,1,50,5,221,0,,0,
Orimura,BANGLADESH UNIVERSITY OF PROFESSIONALS,0,,0,,0,,0,,0,,0,,6,,0,,4,245,0,,0,,0,
PAU_TriCoders,PRIMEASIA UNIVERSITY,0,,0,,0,,0,,0,,0,,4,,0,,0,,0,,0,,0,
PCIU_BitRangers,PORT CITY INTERNATIONAL UNIVERSITY,0,,0,,0,,0,,0,,0,,3,95,0,,1,29,2,144,0,,0,
PSTU : Returned From Breaking Point,PATUAKHALI SCIENCE AND TECHNOLOGY UNIVERSITY,0,,0,,0,,2,229,0,,0,,3,77,0,,1,17,1,147,0,,0,
PSTU_Array_Of_Hope,PATUAKHALI SCIENCE AND TECHNOLOGY UNIVERSITY,0,,0,,0,,0,,0,,0,,12,,0,,2,43,0,,0,,0,
PSTU_ConfusingStatement,PATUAKHALI SCIENCE AND TECHNOLOGY UNIVERSITY,0,,0,,0,,0,,0,,0,,5,180,0,,3,81,0,,0,,0,
PUB_Bit_Trackers,PUNDRA UNIVERSITY OF SCIENCE AND TECHNOLOGY,0,,0,,0,,0,,0,,0,,2,,0,,3,,0,,0,,0,
PUC_Hacking_Trio,PREMIER UNIVERSITY CHITTAGONG,0,,0,,0,,0,,0,,0,,4,63,0,,1,72,1,238,0,,0,
PUC_semicolon;,PREMIER UNIVERSITY CHITTAGONG,0,,0,,0,,0,,0,,0,,4,250,0,,1,176,0,,0,,0,
PUST_Codo_Sapiens,PABNA UNIVERSITY OF SCIENCE AND TECHNOLOGY,0,,0,,0,,0,,0,,0,,17,,0,,2,43,0,,0,,0,
PUST_RESTART,PABNA UNIVERSITY OF SCIENCE AND TECHNOLOGY,0,,0,,0,,0,,0,,0,,6,105,0,,3,71,6,284,0,,0,
Pixel_Ninjas,INTERNATIONAL ISLAMIC UNIVERSITY CHITTAGONG,0,,0,,0,,0,,0,,0,,7,298,0,,2,127,0,,0,,0,
PrimeU_HackShield,PRIME UNIVERSITY,0,,0,,0,,0,,0,,0,,1,,0,,2,,0,,0,,0,
PrimeU_StuckOnNewbie,PRIME UNIVERSITY,0,,0,,0,,0,,0,,0,,12,,0,,1,36,8,,0,,0,
RPI_Starter,RANGPUR POLYTECHNIC INSTITUTE,0,,0,,0,,0,,0,,0,,9,,0,,2,58,0,,0,,0,
RPSU_Ternary_Troopers,R. P. SHAHA UNIVERSITY,0,,0,,0,,0,,0,,0,,3,108,0,,1,59,6,270,0,,0,
RUET_B_Team,RAJSHAHI UNIVERSITY OF ENGINEERING & TECHNOLOGY,0,,1,,10,176,3,132,3,,0,,3,25,0,,1,12,2,96,0,,0,
RUET_Byte_Breakers,RAJSHAHI UNIVERSITY OF ENGINEERING & TECHNOLOGY,0,,0,,0,,0,,0,,0,,9,,0,,1,31,3,,0,,0,
RUET_Codebreakers,RAJSHAHI UNIVERSITY OF ENGINEERING & TECHNOLOGY,0,,0,,0,,0,,0,,0,,4,105,0,,1,42,1,182,0,,0,
RUET_CrossGuild,RAJSHAHI UNIVERSITY OF ENGINEERING & TECHNOLOGY,0,,0,,0,,3,,0,,0,,5,68,0,,1,26,1,110,0,,0,
RUET_a_bit_slower,RAJSHAHI UNIVERSITY OF ENGINEERING & TECHNOLOGY,0,,0,,2,,3,240,0,,0,,1,20,0,,1,13,2,212,0,,0,
RU_CoPrime,UNIVERSITY OF RAJSHAHI,0,,0,,0,,3,,0,,0,,4,119,0,,2,55,1,210,0,,0,
RU_DarkSoul$,UNIVERSITY OF RAJSHAHI,0,,0,,9,,1,,1,,0,,1,20,0,,1,12,1,103,0,,0,
RU_Pegasus,UNIVERSITY OF RAJSHAHI,0,,0,,2,,8,,0,,0,,6,89,0,,1,25,1,56,0,,0,
RU_Phantoms,UNIVERSITY OF RAJSHAHI,0,,0,,0,,4,285,0,,0,,1,26,0,,1,33,2,,0,,0,
RU_S_Cube,UNIVERSITY OF RAJSHAHI,0,,0,,0,,1,212,0,,0,,1,39,0,,2,20,3,83,0,,0,
RU_TitaLeague,UNIVERSITY OF RAJSHAHI,0,,0,,0,,0,,0,,0,,3,97,0,,5,128,3,,0,,0,
Rebooters,SHEIKH HASINA UNIVERSITY,0,,0,,0,,3,,0,,0,,3,62,0,,2,71,4,198,0,,0,
RecursiveRoot,CHITTAGONG UNIVERSITY OF ENGINEERING AND TECHNOLOGY,0,,0,,0,,4,,0,,0,,1,14,0,,1,23,1,256,0,,0,
Runtime_Error,CHITTAGONG INDEPENDENT UNIVERSITY,0,,0,,0,,0,,0,,0,,1,,0,,3,,0,,0,,0,
S-N-S SQUAD,KHWAJA YUNUS ALI UNIVERSITY,0,,0,,0,,0,,0,,0,,4,,0,,2,,0,,0,,0,
SEC_BinaryTernary,SYLHET ENGINEERING COLLEGE,0,,0,,1,,2,266,0,,0,,2,155,0,,1,21,3,146,0,,0,
SEC_En_Passant,SYLHET ENGINEERING COLLEGE,0,,0,,0,,0,,0,,0,,3,96,0,,1,26,2,137,0,,0,
SEC_LATERALUS,SYLHET ENGINEERING COLLEGE,0,,0,,0,,0,,0,,0,,2,45,0,,1,26,1,117,0,,0,
SEU_runtimeTerror,"SOUTHEAST UNIVERSITY, BANGLADESH",0,,0,,0,,0,,0,,0,,7,213,0,,3,183,0,,0,,0,
SFMU_TRAILBLAZER,SHEIKH FAZILATUNNESA MUJIB UNIVERSITY,0,,0,,0,,0,,0,,0,,1,,0,,0,,0,,0,,0,
SIU_Wizards,SYLHET INTERNATIONAL UNIVERSITY,0,,0,,0,,0,,0,,0,,18,247,0,,5,67,0,,0,,0,
SMUCT_Bewildered,SHANTO-MARIAM UNIVERSITY OF CREATIVE TECHNOLOGY,0,,0,,0,,0,,0,,0,,8,,0,,2,,0,,0,,0,
SUB_Tsunami,SOUTHERN UNIVERSITY BANGLADESH,0,,0,,0,,0,,0,,0,,5,243,0,,2,,0,,0,,0,
SUST_Fanatics,SHAHJALAL UNIVERSITY OF SCIENCE AND TECHNOLOGY,0,,4,214,2,145,1,94,1,257,0,,4,35,0,,1,13,1,50,0,,4,
SUST_Migrosena,SHAHJALAL UNIVERSITY OF SCIENCE AND TECHNOLOGY,0,,0,,6,294,4,222,0,,0,,2,24,0,,2,35,1,147,0,,0,
SUST_Minions,SHAHJALAL UNIVERSITY OF SCIENCE AND TECHNOLOGY,0,,0,,2,,2,284,0,,0,,6,126,0,,1,32,2,103,0,,0,
SUST_UpsideDown,SHAHJALAL UNIVERSITY OF SCIENCE AND TECHNOLOGY,1,,0,,1,,1,176,2,,0,,1,27,0,,1,12,1,99,0,,0,
SUSTy Coder,SHAHJALAL UNIVERSITY OF SCIENCE AND TECHNOLOGY,0,,0,,0,,4,,0,,0,,4,85,0,,1,11,2,117,0,,0,
SU_All_Are_Newbie,SONARGAON UNIVERSITY,0,,0,,0,,0,,0,,0,,3,47,0,,1,117,0,,0,,0,
Sagittarius A*,"RANGPUR ENGINEERING COLLEGE,RANGPUR",1,,1,,0,,0,,0,,0,,8,,0,,1,56,0,,0,,0,
Scholars_Byte_Brigade,UNIVERSITY OF SCHOLARS,0,,0,,0,,0,,0,,0,,4,216,0,,2,73,3,,0,,0,
Silverwing_SST,RAJSHAHI UNIVERSITY OF ENGINEERING & TECHNOLOGY,0,,0,,0,,0,,0,,0,,4,97,0,,1,20,3,217,0,,0,
Singularity,SHEIKH HASINA UNIVERSITY,0,,0,,0,,0,,0,,0,,1,23,0,,1,16,2,134,0,,0,
SnowBell,STATE UNIVERSITY OF BANGLADESH,0,,0,,0,,0,,0,,0,,3,212,0,,0,,0,,0,,0,
Sust_Underprivileged_Kids,SHAHJALAL UNIVERSITY OF SCIENCE AND TECHNOLOGY,0,,0,,6,,2,191,0,,0,,1,32,0,,1,12,1,70,0,,0,
TBA,"JAGANNATH UNIVERSITY, BANGLADESH",0,,1,,0,,0,,0,,0,,3,74,0,,5,210,0,,0,,0,
TC_Devs,TEJGAON COLLEGE,0,,0,,0,,0,,0,,0,,3,57,0,,6,168,3,,0,,0,
TC_Fallen_Order,TEJGAON COLLEGE,0,,0,,0,,0,,0,,0,,8,151,0,,9,,0,,0,,0,
TEC_Slytherin,TMSS ENGINEERING COLLEGE,0,,0,,0,,0,,0,,0,,6,,0,,11,,0,,0,,0,
TU_CYBER_SQUAD,TEESTA UNIVERSITY,0,,0,,0,,0,,0,,0,,1,,0,,0,,0,,0,,0,
Team_Three_Dots,JATIYA KABI KAZI NAZRUL ISLAM UNIVERSITY,0,,0,,0,,0,,0,,0,,10,168,0,,1,45,3,,0,,0,
Team_nloglogn,SHAHJALAL UNIVERSITY OF SCIENCE AND TECHNOLOGY,0,,0,,0,,0,,0,,0,,5,115,0,,2,46,2,286,0,,0,
TrioOfUttoranchal_JnU,"JAGANNATH UNIVERSITY, BANGLADESH",0,,0,,0,,0,,0,,0,,6,132,0,,2,92,6,,0,,0,
UAP_Amogus,UNIVERSITY OF ASIA PACIFIC,0,,0,,0,,1,,0,,0,,3,67,0,,1,53,2,147,0,,0,
UAP_BitBlasters,UNIVERSITY OF ASIA PACIFIC,0,,0,,0,,0,,0,,0,,5,,0,,1,118,0,,0,,0,
UAP_Linked_Lists,UNIVERSITY OF ASIA PACIFIC,0,,0,,0,,0,,0,,0,,3,240,0,,3,185,0,,0,,0,
UAP_Raptors,UNIVERSITY OF ASIA PACIFIC,0,,2,,0,,0,,0,,0,,8,,0,,3,139,0,,0,,0,
UGV_Team-404,UNIVERSITY OF GLOBAL VILLAGE,0,,0,,0,,0,,0,,0,,11,150,0,,2,95,0,,0,,0,
UITS_ACES,UNIVERSITY OF INFORMATION TECHNOLOGY AND SCIENCES,0,,0,,0,,0,,0,,0,,2,,0,,5,68,0,,0,,0,
UITS_FullGlassEmpty(),UNIVERSITY OF INFORMATION TECHNOLOGY AND SCIENCES,0,,0,,0,,0,,0,,0,,4,118,0,,1,65,1,,0,,0,
UIU_Dhur_Chata,UNITED INTERNATIONAL UNIVERSITY,0,,0,,0,,11,,0,,0,,6,128,0,,2,25,6,192,0,,0,
UIU_Direwolves,UNITED INTERNATIONAL UNIVERSITY,0,,0,,0,,0,,0,,0,,9,165,0,,2,74,1,,0,,0,
UIU_Entropy,UNITED INTERNATIONAL UNIVERSITY,0,,0,,0,,0,,0,,0,,6,81,0,,3,147,0,,0,,0,
ULAB_aNonyMOus,UNIVERSITY OF LIBERAL ARTS BANGLADESH,0,,0,,0,,0,,0,,0,,5,80,0,,1,151,0,,0,,0,
UU_Programmers,UTTARA UNIVERSITY,0,,0,,0,,0,,0,,0,,5,,0,,2,75,1,262,0,,0,
Uctc_Akatsuki,"UNIVERSITY OF CREATIVE TECHNOLOGY, CHITTAGONG",0,,0,,0,,0,,0,,0,,4,113,0,,2,35,1,,0,,0,
VU_Triple_I_Coders,VARENDRA UNIVERSITY,0,,0,,0,,0,,0,,0,,5,122,0,,4,70,1,239,0,,0,
VU_Virtuoso,VARENDRA UNIVERSITY,0,,0,,0,,0,,0,,0,,9,,0,,6,,0,,0,,0,
ValoDekheEktaNaam,MAWLANA BHASHANI SCIENCE AND TECHNOLOGY UNIVERSITY,0,,0,,0,,4,,0,,0,,4,73,0,,1,33,1,47,0,,0,
Valo_Dekhe_Ekta_Nam,SHAHJALAL UNIVERSITY OF SCIENCE AND TECHNOLOGY,0,,0,,2,,5,251,0,,0,,6,44,0,,2,25,2,203,0,,0,
WUB Blue Vortex,WORLD UNIVERSITY OF BANGLADESH,0,,0,,0,,0,,0,,0,,0,,0,,0,,1,,0,,0,
We_donâ€™t_test_We_pray,RAJSHAHI UNIVERSITY OF ENGINEERING & TECHNOLOGY,0,,0,,0,,2,,0,,0,,2,26,0,,1,16,1,106,0,,0,
ZHSUST_Orions,Z. H. SIKDER UNIVERSITY OF SCIENCE AND TECHNOLOGY,0,,0,,0,,0,,0,,0,,8,,0,,0,,0,,0,,0,
Zero or One,RANGAMATI SCIENCE AND TECHNOLOGY UNIVERSITY,0,,1,,0,,0,,0,,0,,5,122,0,,8,132,2,186,0,,0,
error_404,"BANGABANDHU SHEIKH MUJIBUR RAHMAN DIGITAL UNIVERSITY,BANGLADESH",0,,0,,0,,0,,0,,0,,4,,0,,1,96,0,,0,,0,
problem_eliminator,BARISAL INFORMATION TECHNOLOGY COLLEGE,0,,0,,0,,0,,0,,0,,7,,0,,1,,0,,0,,0,
temp_1,TEMP INSTITUTE,0,,0,,0,,0,,0,,0,,0,,0,,0,,0,,0,,0,
temp_2,TEMP INSTITUTE,0,,0,,0,,0,,0,,0,,0,,0,,0,,0,,0,,0,
temp_3,TEMP INSTITUTE,0,,0,,0,,0,,0,,0,,0,,0,,0,,0,,0,,0,
